Target,BETA,CEACAM4,LAMP1,PLAC8,PLA2G7
1,133973.634,25830.69362,6547.09848,34372.97676,0
1,83236.94728,211.28684,3435.41016,32357.43172,0
1,279042.6313,0,42195.43204,1780.02208,0
1,473608.5551,318.98842,83377.52649,11579.12316,0
1,1861189.929,20604.59216,115483.8104,273020.1736,0
1,4774177.585,3184.11728,112106.0851,61983.78764,0
1,2352087.995,2821.99444,130463.7618,59789.67178,0
1,6368637.09,5507.64245,47140.58233,450439.6519,0
1,3204386.302,9672.88616,50600.08824,940266.1482,0
1,1959504.378,2550.4737,21416.21535,220767.188,0
1,3879118.481,14655.25061,8069.91876,38846.69,0
1,1886227.101,1950.66788,31890.07375,60689.47889,0
0,650455,113883,14719,108730,1294
0,441468,96578,9932,49761,972
0,98243,407,10,41785,0
0,77241,170,8,14033,0
0,161321,165,204,53304,5.87635
0,143548,54404,4278,122658,0
0,108067,101015,4801,108257,0
0,345384,100757,8556,58391,1340
0,412438.4614,695.9228,3545.54925,860.61577,712.64164
0,388630,357,26,14506,0
0,221799,29401,0,15584,222
0,92805.4371,1116.93407,1697.73185,19126.70272,0
0,4199452.958,15011.29715,156900.3162,148312.902,0
0,1246301.17,25879.85523,28971.83841,177286.1736,0
0,385257.5787,2130.33708,23626.28422,44339.38123,0
0,198597.245,5836.4933,9092.59509,480683.7496,0
0,1853940.233,17392.75666,42241.74571,903190.4388,3913.75044
0,4695075.461,60513.60256,70745.16694,420938.8068,0
0,8635461.708,133076.2312,131501.0781,372908.5787,41424.89844
0,1055736.318,5607.92732,68043.29631,74979.24637,0
0,2009347.063,9241.52128,102309.4474,607935.3469,0
0,48894.79149,1223.51908,2020.63796,3635.57765,0
0,2025477.149,25707.04489,22518.41748,78870.21266,0